LOAN_DATE,LOAN_TYPE,CAR_YEAR,CAR_MAKE,CAR_MODEL,days in inv,PRICE,AMT FIN,DOWN PMT,PMT,ACV,TOT RECON,GROSS
 3/31/21,CD,2013,TOYOTA,YARIS,602,"1,000.00","1,160.00",0.00,"1,160.00","3,350.00",635.67,"-2,985.67"
 4/12/21,SL,2012,DODGE,GRAND CARA,121,"11,995.00","11,991.70","1,000.00",450.00,"3,900.00","1,520.28","6,574.72"
 1/27/21,WH,2008,GMC,SIERRA,813,"3,000.00","3,000.00",0.00,"3,000.00","17,700.00",315.00,"-15,015.00"
 2/5/21,SL,2018,JEEP,RENEGADE,189,"19,995.00","17,490.95","4,000.00",115.00,"13,300.00",887.73,"5,807.27"
 2/3/21,CD,2003,MAZDA,MX-5 MIATA,628,"1,500.00","1,695.00",0.00,"1,695.00","1,400.00",587.97,-487.97
 2/1/21,OH,2011,VOLKSWAGEN,JETTA,193,"6,995.00","7,094.55",800.00,100.00,"2,475.00","2,505.03","2,014.97"
 4/27/21,DS,2015,RAM,1500,589,"1,448.25","1,630.33",0.00,49.80,"10,000.00","2,525.00","-11,076.75"
 1/13/21,DS,2014,HYUNDAI,ACCENT,634,"1,416.51","1,445.67",150.00,42.93,"3,700.00","1,219.02","-3,502.51"
 7/20/21,DS,2007,BMW,335,817,"2,708.06","2,982.87",0.00,194.03,"10,370.62",533.47,"-8,196.03"
 7/22/21,DS,2014,RAM,1500,706,"1,060.52","1,013.36",200.00,47.65,"8,350.00",153.98,"-7,443.46"
 2/3/21,SL,2015,TOYOTA,CAMRY SE; LE; XLE; X,184,"14,995.00","15,102.90","1,300.00",120.00,"7,640.00","1,069.74","6,285.26"
 4/9/21,SL,2015,HONDA,FIT EX-L,167,"13,995.00","13,336.60","2,000.00",200.00,"7,210.00",814.40,"5,970.60"
 1/18/21,SL,2013,TOYOTA,CAMRY SE; LE; XLE,217,"12,995.00","12,552.80","2,000.00",125.00,"7,740.00",965.89,"4,289.11"
 3/29/21,SL,2017,KIA,FORTE LX,124,"13,995.00","14,621.15",500.00,225.00,"7,175.00",429.12,"6,390.88"
 1/12/21,SL,2015,FORD,EXPLORER,201,"18,995.00","18,874.85","2,000.00",250.00,"10,450.00",253.89,"8,291.11"
 3/18/21,SL,2019,TOYOTA,COROLLA CE; S; LE,177,"17,995.00","16,587.80","3,000.00",200.00,"12,375.00",761.37,"4,858.63"
 1/23/21,SL,2016,CHEVROLET,COLORADO WORK TRUCK,420,"21,995.00","22,347.10","2,000.00",200.00,"14,200.00",832.21,"6,962.79"
 3/3/21,SL,2019,NISSAN,ALTIMA 2.5 S,180,"20,995.00","17,772.00","5,000.00",250.00,"13,450.00",211.77,"7,333.23"
 3/25/21,OH,2016,KIA,FORTE LX,153,"11,995.00","12,714.50",500.00,215.00,"4,360.00","1,156.66","6,478.34"
 2/18/21,SL,2009,NISSAN,TITAN SE; LE; XE,166,"15,995.00","16,246.75","1,000.00",125.00,"9,240.00","1,223.13","5,531.87"
 3/17/21,SL,2015,TOYOTA,CAMRY,174,"16,995.00","17,210.25","1,100.00",250.00,"8,900.00","3,175.13","4,919.87"
 1/2/21,OH,2016,HYUNDAI,SONATA,216,"11,995.00","12,713.50","1,000.00",110.00,"5,500.00",605.42,"5,889.58"
 5/4/21,SL,2014,HONDA,ACCORD LX-S,109,"15,495.00","15,715.00","1,000.00",115.00,"7,945.00",788.38,"6,761.62"
 1/7/21,WH,2007,FORD,EDGE,646,825.00,825.00,0.00,825.00,"1,925.00",0.00,"-1,100.00"
 1/29/21,SL,2012,TOYOTA,CAMRY SE; LE; XLE,190,"13,495.00","10,556.80",0.00,200.00,"6,645.00","1,452.25","5,397.75"
 4/28/21,SL,2011,HONDA,ODYSSEY EX,118,"11,495.00","11,961.70",500.00,225.00,"4,855.00","1,788.18","4,851.82"
 2/19/21,SL,2012,HONDA,CIVIC LX,173,"10,995.00","10,647.15","1,500.00",220.00,"4,755.00",832.67,"5,407.33"
 3/10/21,SL,2013,HYUNDAI,ELANTRA GT BASE,167,"10,995.00","11,650.65",500.00,200.00,"4,555.00",980.92,"5,459.08"
 2/18/21,SL,2012,FORD,EXPLORER,167,"14,495.00","13,750.45","1,200.00",125.00,"6,825.00","1,035.61","6,634.39"
 1/20/21,SL,2017,TOYOTA,COROLLA CE; S; LE,531,"13,995.00","15,121.90",500.00,125.00,"7,775.00",365.73,"5,854.27"
 3/17/21,SL,2009,HONDA,FIT S,133,"11,995.00","12,212.75","1,000.00",200.00,"4,460.00","1,122.49","6,412.51"
 4/16/21,SL,2015,KIA,SOUL BASE,110,"11,495.00","12,182.40",500.00,225.00,"3,960.00","1,152.54","6,382.46"
 4/7/21,SL,2016,TOYOTA,COROLLA CE; S; LE,342,"15,995.00","15,463.95","2,000.00",250.00,"9,880.00","1,127.38","4,987.62"
 3/8/21,SL,2017,TOYOTA,COROLLA CE; S; LE,194,"14,995.00","15,428.95","1,000.00",130.00,"8,660.00","1,771.56","4,563.44"
 5/4/21,SL,2018,HYUNDAI,ACCENT SE; SEL,130,"17,495.00","17,842.35","1,000.00",225.00,"8,760.00","2,177.64","6,557.36"
 1/28/21,WH,2008,TOYOTA,TUNDRA,487,"6,250.00","6,250.00",0.00,"6,250.00","4,125.00",0.00,"2,125.00"
 2/9/21,SL,2015,DODGE,JOURNEY,170,"14,995.00","15,094.30",0.00,250.00,"7,100.00",662.27,"7,232.73"
 3/3/21,SL,2012,KIA,SOUL,159,"9,995.00","10,586.80",500.00,165.00,"4,144.52",0.00,"5,850.48"
 2/3/21,CD,2008,CHEVROLET,SUBURBAN BASE; LS; L,183,"5,000.00","5,440.00",0.00,"5,440.00","1,000.00",130.00,"3,870.00"
 1/9/21,SL,2012,TOYOTA,CAMRY SE; LE; XLE,202,"10,995.00","11,950.70",700.00,420.00,"4,610.00","1,183.26","5,201.74"
 1/8/21,SL,2018,HYUNDAI,ACCENT SE; SEL,251,"13,995.00","12,833.85","3,000.00",200.00,"8,040.00",728.12,"5,226.88"
 4/3/21,SL,2008,TOYOTA,RAV4 BASE,177,"12,995.00","13,075.55","1,200.00",210.00,"6,300.00","1,332.10","5,362.90"
 3/22/21,SL,2010,TOYOTA,RAV4 BASE,147,"12,995.00","12,553.80","1,500.00",100.00,"5,400.00","1,428.23","6,166.77"
 2/11/21,SL,2010,TOYOTA,VENZA BASE,167,"12,995.00","13,256.25",800.00,215.00,"6,300.00",784.68,"5,910.32"
 2/10/21,SL,2008,HONDA,CR-V EX,182,"10,995.00","11,630.65",300.00,100.00,"4,200.00","1,036.50","5,758.50"
 2/12/21,SL,2014,HONDA,ACCORD EX-L,167,"14,995.00","15,875.35",250.00,120.00,"7,200.00","1,264.79","6,530.21"
 2/26/21,SL,2014,HONDA,PILOT EXL,167,"14,495.00","18,311.67",500.00,275.00,"7,000.00","1,258.63","6,236.37"
 2/22/21,SL,2014,HONDA,ACCORD LX,201,"13,995.00","14,139.40","1,200.00",115.00,"6,700.00",792.20,"6,502.80"
 5/28/21,SL,2011,TOYOTA,SIENNA BASE; LIMITED,134,"12,995.00","17,011.50",500.00,260.00,"6,810.00","1,019.88","5,165.12"
 3/25/21,WH,2010,FORD,EDGE,144,"3,700.00","3,700.00",0.00,"3,700.00","2,200.00",0.00,"1,500.00"
 3/26/21,SL,2011,TOYOTA,CAMRY,132,"8,995.00","9,302.60",500.00,200.00,800.00,527.23,"7,667.77"
 5/8/21,SL,2014,HONDA,CIVIC EX,83,"13,995.00","13,840.10","1,000.00",250.00,"7,340.00","1,403.70","5,251.30"
 5/7/21,SL,2015,TOYOTA,CAMRY LE X,91,"14,495.00","16,129.68","2,000.00",125.00,"6,325.00","1,960.45","6,209.55"
 4/24/21,SL,2009,NISSAN,TITAN SE; LE; XE,105,"16,495.00","16,778.50","1,000.00",135.00,"7,310.00","2,040.08","7,144.92"
 1/9/21,SL,2015,HYUNDAI,ELANTRA GLS; LIMITED,209,"10,995.00","12,151.40",500.00,215.00,"4,610.00",877.08,"5,507.92"
 1/20/21,SL,2011,TOYOTA,SIENNA BASE; LIMITED,219,"14,495.00","8,362.10","4,000.00",125.00,"8,390.00","1,029.95","5,075.05"
 4/6/21,SL,2009,TOYOTA,COROLLA BASE; S; LE;,118,"10,995.00","10,647.15","1,500.00",90.00,"3,860.00",911.08,"6,223.92"
 6/26/21,SL,2008,TOYOTA,RAV4 LIMITED,41,"10,995.00","11,429.95",500.00,450.00,"5,810.00","1,209.56","3,975.44"
 4/12/21,WH,2006,MITSUBISHI,OUTLANDER,118,"1,275.00","1,275.00",0.00,"1,275.00",500.00,0.00,775.00
 5/12/21,SL,2016,HYUNDAI,ACCENT SE,91,"13,995.00","14,360.10",700.00,200.00,"6,160.00","1,216.32","6,618.68"
 5/6/21,SL,2011,HYUNDAI,ELANTRA GLS; LIMITED,133,"12,995.00","13,577.30",700.00,200.00,"5,810.00",820.92,"6,364.08"
 3/31/21,SL,2012,HYUNDAI,ELANTRA GLS; LIMITED,133,"12,995.00","12,774.50","1,500.00",210.00,"6,610.00",734.28,"5,650.72"
 4/8/21,SL,2012,HONDA,CROSSTOUR EX-L,118,"13,995.00","14,340.10","1,000.00",210.00,"6,510.00","1,088.86","6,396.14"
 5/22/21,OH,2014,NISSAN,ROGUE S; SL; SV,83,"11,995.00","11,209.25","2,000.00",200.00,"5,075.00",967.55,"5,952.45"
 3/18/21,WH,2002,CHEVROLET,AVALANCHE,587,"1,200.00","1,200.00",0.00,"1,200.00","2,125.00",0.00,-925.00
 4/13/21,SL,2018,KIA,FORTE,114,"13,995.00","14,420.45",700.00,200.00,"7,500.00",562.53,"5,932.47"
 4/9/21,SL,2016,KIA,FORTE LX,110,"13,495.00","13,527.30","1,000.00",220.00,"6,360.00",874.27,"6,260.73"
 4/7/21,SL,2016,NISSAN,ALTIMA 2.5; 2.5 S; 2,114,"15,995.00","16,246.75","1,000.00",250.00,"8,540.00",748.28,"6,706.72"
 4/8/21,SL,2008,TOYOTA,TUNDRA SR5; GRADE,112,"20,995.00","20,561.80","2,000.00",130.00,"12,095.00","1,351.81","7,548.19"
 5/3/21,SL,2014,TOYOTA,CAMRY SE; LE; XLE; L,128,"16,495.00","16,778.50","1,000.00",275.00,"9,580.00","1,117.68","5,797.32"
 4/15/21,SL,2011,SCION,TC BASE,105,"12,495.00","12,744.50","1,000.00",200.00,"6,010.00",928.88,"5,556.12"
 2/9/21,SL,2014,TOYOTA,CAMRY SE; LE; XLE; L,259,"13,995.00","13,758.00","1,300.00",100.00,"6,560.00","1,491.31","5,943.69"
 3/8/21,SL,2012,HYUNDAI,SONATA GLS,180,"11,495.00","11,680.65","1,000.00",200.00,"4,265.00","1,520.21","5,709.79"
 4/24/21,SL,2009,HONDA,ODYSSEY,127,"8,995.00","9,302.60",500.00,200.00,"3,800.00",678.90,"4,516.10"
 2/3/21,CD,2005,ACURA,TL,183,300.00,411.00,0.00,411.00,500.00,0.00,-200.00
 3/9/21,SL,2013,HONDA,ACCORD EX-L,153,"14,495.00","14,871.85","1,000.00",125.00,"7,840.00",932.65,"5,722.35"
 4/7/21,OH,2013,HONDA,CR-V EX-L,124,"13,995.00","13,718.00","1,400.00",115.00,"7,210.00",835.18,"5,949.82"
 3/2/21,SL,2012,HYUNDAI,ELANTRA GLS; LIMITED,181,"10,995.00","11,429.95",500.00,200.00,"4,560.00",712.17,"5,722.83"
 5/6/21,WH,2012,HONDA,PILOT TOURING-RES,139,"8,350.00","8,350.00",0.00,"8,350.00","7,440.00",365.33,544.67
 4/9/21,SL,2011,TOYOTA,COROLLA BASE; S; LE;,126,"11,495.00","11,961.70",500.00,210.00,"5,160.00",859.43,"5,475.57"
 2/24/21,SL,2013,TOYOTA,CAMRY SE; LE; XLE,181,"12,995.00","12,774.50","1,500.00",390.00,"6,610.00","1,389.41","4,995.59"
 2/17/21,SL,2016,NISSAN,ALTIMA 2.5; 2.5 S; 2,167,"14,495.00","14,651.15","1,000.00",100.00,"7,890.00",762.00,"5,843.00"
 2/26/21,SL,2012,TOYOTA,SIENNA BASE; LIMITED,160,"13,495.00","13,808.35","1,000.00",125.00,"6,510.00",818.03,"6,166.97"
 2/19/21,SL,2011,HONDA,CR-V EX-L,166,"13,995.00","14,621.15",500.00,130.00,"6,810.00","1,054.15","6,130.85"
 5/6/21,WH,2012,HYUNDAI,VELOSTER BASE,90,"3,120.00","3,120.00",0.00,"3,120.00","2,810.00",120.00,190.00
 3/17/21,SL,2016,HYUNDAI,ELANTRA LIMITED; SE;,153,"12,495.00","12,744.50","1,000.00",200.00,"4,660.00","1,170.04","6,664.96"
 4/9/21,SL,2017,HYUNDAI,ELANTRA LIMITED; SE,370,"15,995.00","16,969.20",500.00,115.00,"8,590.00","1,599.54","5,805.46"
 3/3/21,SL,2012,HONDA,CR-V LX,177,"13,495.00","13,507.30","1,300.00",200.00,"6,500.00","1,366.96","5,628.04"
 3/8/21,SL,2009,HONDA,PILOT EX,168,"13,995.00","13,025.55","1,500.00",190.00,"5,800.00","1,766.00","6,429.00"
 2/2/21,SL,2016,CHEVROLET,TAHOE,180,"29,995.00","27,064.55","5,000.00",800.00,"24,700.00","2,487.62","2,807.38"
 6/22/21,SL,2013,TOYOTA,RAV4 XLE,116,"16,995.00","16,246.75","2,000.00",235.00,"10,030.00","1,051.40","5,913.60"
 1/25/21,SL,2014,HONDA,CIVIC EX,210,"13,995.00","14,319.10","1,300.00",200.00,"7,590.00",611.93,"5,793.07"
 2/27/21,SL,2014,HONDA,ACCORD SPORT,231,"15,995.00","15,243.25","2,000.00",110.00,"10,030.00",616.80,"5,348.20"
 2/6/21,SL,2013,HONDA,ACCORD LX,189,"14,495.00","14,159.40","1,710.00",210.00,"7,390.00","1,180.74","5,924.26"
 1/26/21,SL,2014,MAZDA,CX-5 TOURING,231,"16,495.00","15,217.50","1,500.00",250.00,"9,830.00",120.00,"6,545.00"
 3/16/21,SL,2016,KIA,RIO LX,152,"10,995.00","10,928.20","1,000.00",190.00,"4,760.00",702.91,"5,532.09"
 2/26/21,SL,2016,NISSAN,ALTIMA 2.5; 2.5 S; 2,169,"13,995.00","15,122.90",0.00,250.00,"6,800.00",637.95,"6,557.05"
 3/31/21,CD,2011,HYUNDAI,ELANTRA GLS; LIMITED,177,"2,500.00","2,765.00",0.00,"2,765.00","3,500.00",80.00,"-1,080.00"
 3/13/21,SL,2014,MAZDA,MAZDA3 I TOURING W/S,35,"12,995.00","13,476.95",800.00,230.00,"5,820.00","1,322.46","5,852.54"
 3/4/21,SL,2013,FORD,EXPLORER BASE,146,"15,995.00","15,745.00","1,500.00",230.00,"7,240.00","1,612.36","7,142.64"
 3/19/21,SL,2018,KIA,FORTE LX,173,"12,995.00","11,550.30","2,500.00",190.00,"4,600.00",941.73,"7,453.27"
 3/16/21,SL,2016,HONDA,CIVIC LX,162,"15,995.00","15,684.65","1,500.00",200.00,"8,660.00",945.43,"6,389.57"
 3/10/21,SL,2011,HYUNDAI,ELANTRA GLS; LIMITED,141,"11,995.00","11,991.70","1,000.00",200.00,"5,075.00","1,598.93","5,321.07"
 2/3/21,CD,2005,HONDA,ODYSSEY,505,500.00,625.00,0.00,625.00,"1,075.00",0.00,-575.00
 2/3/21,CD,2010,TOYOTA,COROLLA,594,"3,500.00","3,835.00",0.00,"3,835.00","3,375.00",0.00,125.00
 2/25/21,WH,2006,MAZDA,TRIBUTE,154,"1,765.00","1,765.00",0.00,"1,765.00","1,400.00",80.00,285.00
 1/28/21,SL,2008,HONDA,ACCORD,181,"7,495.00","8,158.80",100.00,400.00,"1,800.00","1,329.48","4,365.52"
 1/26/21,SL,2016,TOYOTA,CAMRY,212,"13,995.00","14,339.10","1,500.00",200.00,"5,000.00",545.58,"8,449.42"
 2/20/21,SL,2013,HONDA,ACCORD SPORT,159,"12,995.00","13,256.25",800.00,210.00,"5,600.00",855.69,"6,539.31"
 1/26/21,SL,2012,HONDA,ACCORD SE,184,"13,995.00","13,305.60","2,000.00",100.00,"8,800.00",698.85,"4,496.15"
 3/1/21,SL,2017,KIA,RIO LX,259,"12,995.00","13,055.55","1,000.00",200.00,"6,810.00",894.53,"5,290.47"
 3/13/21,SL,2011,FORD,EDGE,145,"11,995.00","12,493.45",500.00,125.00,"4,900.00","1,252.96","5,842.04"
 3/27/21,SL,2013,KIA,SOUL BASE; SPORT; +,146,"12,995.00","13,476.95",800.00,215.00,"4,860.00","1,026.87","7,108.13"
 3/18/21,SL,2011,TOYOTA,SIENNA BASE; LIMITED,134,"14,995.00","15,403.95","1,000.00",225.00,"6,810.00","1,605.13","6,579.87"
 3/22/21,SL,2013,HONDA,ACCORD SPORT,140,"15,495.00","13,848.35","2,800.00",110.00,"8,240.00","1,285.50","5,969.50"
 3/11/21,SL,2009,HONDA,ACCORD LX,141,"12,495.00","11,741.00","2,000.00",95.00,"3,960.00","2,177.64","6,357.36"
 3/15/21,SL,2016,HYUNDAI,ELANTRA LIMITED; SE;,142,"11,995.00","12,413.45",800.00,200.00,"5,010.00","1,026.46","5,958.54"
 3/10/21,SL,2017,NISSAN,ALTIMA 2.5; 2.5 S; 2,167,"14,995.00","14,982.20","1,200.00",100.00,"7,490.00",883.97,"6,621.03"
 3/6/21,SL,2016,NISSAN,ALTIMA 2.5; 2.5 S; 2,146,"11,995.00","12,212.75","1,000.00",125.00,"5,200.00","1,380.69","5,414.31"
 2/25/21,WH,2006,HYUNDAI,SONATA,154,"1,841.00","1,841.00",0.00,"1,841.00",500.00,802.89,538.11
 4/30/21,WH,2011,MAZDA,MAZDA3,153,"2,630.00","2,630.00",0.00,"2,630.00","1,000.00",0.00,"1,630.00"
 3/23/21,SL,2017,TOYOTA,COROLLA,141,"14,995.00","14,987.20","1,000.00",130.00,"6,925.00",475.12,"7,594.88"
 3/22/21,SL,2015,MITSUBISHI,OUTLANDER SPORT SE,132,"14,995.00","14,681.15","1,500.00",225.00,"7,440.00","1,400.93","6,154.07"
 3/11/21,SL,2017,KIA,FORTE LX,317,"14,995.00","14,621.15","1,500.00",205.00,"9,160.00",986.16,"4,848.84"
 5/15/21,SL,2011,TOYOTA,SIENNA,113,"13,495.00","13,055.55","1,000.00",110.00,"7,000.00",469.14,"6,025.86"
 3/15/21,SL,2014,HYUNDAI,ELANTRA GT BASE,147,"11,995.00","11,711.00","1,500.00",100.00,"6,300.00",669.85,"5,025.15"
 2/20/21,SL,2014,HONDA,ACCORD LX,162,"14,995.00","15,684.65",500.00,250.00,"7,100.00","1,117.15","6,777.85"
 3/15/21,SL,2009,TOYOTA,VENZA BASE,177,"13,495.00","13,085.55","1,500.00",200.00,"6,800.00",908.87,"5,786.13"
 3/23/21,SL,2013,HONDA,CR-V EX,167,"13,995.00","13,496.95",500.00,215.00,"6,500.00","1,376.10","6,118.90"
 5/7/21,SL,2011,HONDA,CIVIC LX-S,93,"11,995.00","11,188.90","1,800.00",330.00,"4,160.00","1,195.20","6,639.80"
 4/15/21,WH,2008,MAZDA,MAZDA6,111,"2,630.00","2,630.00",0.00,"2,630.00","1,000.00",0.00,"1,630.00"
 4/29/21,SL,2013,HONDA,CIVIC LX,103,"13,995.00","13,667.95",500.00,130.00,"7,840.00","1,403.66","4,751.34"
 1/8/21,SL,2017,CHEVROLET,CRUZE,223,"14,995.00","15,181.90","1,500.00",225.00,"7,900.00","1,027.94","6,067.06"
 2/16/21,SL,2013,HONDA,CIVIC LX,505,"11,995.00","12,433.45",500.00,400.00,"4,425.00",793.01,"6,776.99"
 3/26/21,SL,2013,HONDA,CR-V EX,253,"13,995.00","14,621.15",500.00,225.00,"6,840.00",520.63,"6,634.37"
 2/18/21,SL,2012,HONDA,FIT SPORT,254,"10,995.00","11,429.95",500.00,200.00,"4,500.00","1,039.14","5,455.86"
 1/4/21,SL,2016,MAZDA,MAZDA6 SPORT,209,"15,495.00","14,710.50","2,500.00",235.00,"7,445.00","2,816.58","5,233.42"
 1/29/21,SL,2011,HYUNDAI,ELANTRA GLS; LIMITED,211,"11,495.00","11,960.70","1,000.00",200.00,"4,400.00","1,682.04","5,412.96"
 1/23/21,SL,2014,TOYOTA,RAV4 XLE,254,"14,995.00","14,684.70",700.00,225.00,"8,960.00",120.00,"5,915.00"
 2/12/21,SL,2017,HYUNDAI,ACCENT SE,254,"12,995.00","13,396.60",600.00,200.00,"6,320.00",945.58,"5,729.42"
 1/11/21,SL,2012,HONDA,CIVIC LX,254,"12,995.00","12,974.20","1,800.00",200.00,"7,945.00",120.00,"4,930.00"
 1/7/21,SL,2015,HONDA,ACCORD EX,253,"14,995.00","15,905.40",800.00,125.00,"8,290.00",120.00,"6,585.00"
 1/29/21,SL,2012,FORD,EDGE LIMITED,289,"18,995.00","19,126.90","1,250.00",260.00,"10,130.00","1,119.97","7,745.03"
 3/3/21,SL,2014,TOYOTA,COROLLA,177,"14,995.00","14,400.45","2,000.00",120.00,"7,000.00",617.30,"7,377.70"
 6/15/21,SL,2012,HONDA,FIT BASE,83,"12,495.00","12,744.50","1,000.00",210.00,"5,350.00","1,165.04","5,979.96"
 4/26/21,SL,2016,KIA,FORTE LX,93,"13,495.00","14,089.05",500.00,200.00,"6,850.00",749.61,"5,895.39"
 6/26/21,SL,2013,TOYOTA,RAV4 XLE,99,"16,995.00","16,748.50","1,500.00",240.00,"10,600.00",830.00,"5,565.00"
 4/19/21,SL,2017,HYUNDAI,TUCSON SE,124,"18,995.00","17,430.95","3,000.00",260.00,"13,550.00",714.55,"4,730.45"
 5/28/21,SL,2013,HYUNDAI,ELANTRA GT BASE,124,"13,995.00","14,841.85",500.00,200.00,"6,410.00",782.36,"6,802.64"
 5/5/21,WH,2010,NISSAN,TITAN SE; LE; XE,111,"7,860.00","7,860.00",0.00,"7,860.00","6,910.00",120.00,830.00
 4/16/21,SL,2013,TOYOTA,COROLLA BASE; S; LE;,111,"13,495.00","13,025.55","1,500.00",90.00,"8,640.00",636.64,"4,218.36"
 1/6/21,SL,2009,TOYOTA,HIGHLANDER,601,"10,495.00","10,616.15","1,500.00",200.00,"4,950.00","2,122.60","3,422.40"
 1/30/21,SL,2012,TOYOTA,CAMRY,189,"10,995.00","11,650.65",500.00,100.00,"4,050.00",889.20,"6,055.80"
 1/14/21,WH,2012,HYUNDAI,ELANTRA GLS; LIMITED,251,"3,150.00","3,150.00",0.00,"3,150.00","3,900.00",0.00,-750.00
 3/2/21,SL,2015,TOYOTA,CAMRY SE; LE; XLE; X,253,"16,495.00","16,517.80","1,200.00",255.00,"9,500.00",761.97,"6,233.03"
 1/29/21,SL,2011,HONDA,ACCORD LX-P,253,"11,995.00","12,592.80",900.00,100.00,"6,700.00",636.21,"4,658.79"
 3/19/21,SL,2016,HONDA,HR-V EX-L,167,"18,995.00","17,651.65","3,000.00",250.00,"12,350.00",480.00,"6,165.00"
 3/18/21,SL,2014,TOYOTA,COROLLA CE; S; LE,131,"14,495.00","14,771.50","1,100.00",125.00,"8,400.00",805.45,"5,289.55"
 1/15/21,SL,2013,TOYOTA,COROLLA BASE; S; LE;,195,"11,995.00","12,213.50","1,000.00",200.00,"8,200.00",0.00,"3,795.00"
 2/28/21,SL,2011,TOYOTA,HIGHLANDER BASE,150,"14,995.00","14,254.75","2,000.00",125.00,"9,200.00",804.72,"4,990.28"
 1/9/21,SL,2016,TOYOTA,COROLLA  LE,253,"14,495.00","14,772.60","1,000.00",115.00,"8,500.00",507.90,"5,487.10"
 3/5/21,SL,2007,TOYOTA,TUNDRA SR5,165,"16,495.00","15,715.00","2,000.00",220.00,"8,200.00","1,415.74","6,879.26"
 1/15/21,SL,2013,HYUNDAI,ELANTRA GLS; LIMITED,247,"12,995.00","13,777.00","1,000.00",200.00,"7,040.00",947.92,"5,007.08"
 1/9/21,SL,2015,KIA,FORTE EX; LX,247,"11,995.00","13,215.25",500.00,215.00,"6,740.00",120.00,"5,135.00"
 2/9/21,CD,2006,CHEVROLET,COLORADO,201,"3,901.87","4,300.00",0.00,"4,300.00","4,000.00",129.05,-227.18
 3/6/21,SL,2012,HONDA,CR-V EX-L,146,"14,995.00","15,403.95","1,000.00",130.00,"7,840.00",768.50,"6,386.50"
 3/13/21,SL,2012,HONDA,PILOT EX,139,"12,995.00","13,276.25","1,000.00",125.00,"6,210.00",892.74,"5,892.26"
 6/2/21,CD,2016,RAM,PROMASTER 1500 LOW R,113,"8,352.00","9,308.12",0.00,"9,308.12","8,352.00",0.00,0.00
 3/2/21,SL,2012,TOYOTA,CAMRY SE; LE; XLE,160,"13,495.00","12,242.75","1,500.00",200.00,"6,842.00",660.99,"5,992.01"
 4/6/21,SL,2010,TOYOTA,RAV4 SPORT,140,"14,495.00","14,851.85",800.00,215.00,"7,040.00","1,655.81","5,799.19"
 4/14/21,SL,2014,HYUNDAI,ACCENT GLS,116,"12,495.00","14,894.42",200.00,210.00,"5,620.00",967.51,"5,907.49"
 4/2/21,SL,2019,TOYOTA,COROLLA CE; S; LE,323,"17,995.00","17,089.55","2,500.00",210.00,"13,510.00",807.99,"3,677.01"
 1/12/21,SL,2014,CHEVROLET,SUBURBAN LT,258,"20,995.00","19,466.95","2,000.00",520.00,"13,400.00",0.00,"7,595.00"
 3/9/21,WH,2013,FORD,EDGE,146,"3,120.00","3,120.00",0.00,"3,120.00","2,825.00",0.00,295.00
 3/6/21,SL,2014,KIA,SEDONA EX; LX,258,"13,495.00","13,848.65",100.00,200.00,"4,700.00","2,322.53","6,472.47"
 1/2/21,SL,2008,LEXUS,RX 350 BASE,258,"11,995.00","12,292.45","1,000.00",125.00,"7,400.00",0.00,"4,595.00"
 1/15/21,SL,2017,NISSAN,ARMADA SL; PLATINUM;,202,"29,995.00","31,078.90","1,000.00",300.00,"19,800.00",641.53,"9,553.47"
 3/2/21,SL,2014,HYUNDAI,ELANTRA GLS; LIMITED,189,"14,995.00","15,403.95","1,000.00",140.00,"8,590.00","1,177.55","5,227.45"
 3/19/21,SL,2014,HONDA,CR-V EX-L,132,"17,995.00","18,093.05","1,500.00",130.00,"9,730.00","2,312.00","5,953.00"
 2/5/21,SL,2016,HONDA,CIVIC LX,258,"16,500.00","16,783.80","1,000.00",270.00,"8,990.00",894.51,"6,615.49"
 1/14/21,SL,2016,MAZDA,MAZDA6 SPORT,212,"16,995.00","17,309.60","1,500.00",275.00,"9,190.00","1,219.00","6,586.00"
 4/22/21,SL,2013,HYUNDAI,ACCENT GLS,97,"9,495.00","10,055.05",500.00,190.00,"3,375.00",579.20,"5,540.80"
 1/27/21,WH,2010,HONDA,ODYSSEY,653,1.00,1.00,0.00,1.00,"3,175.00",0.00,"-3,174.00"
 3/16/21,SL,2013,HONDA,ACCORD SPORT,246,"15,495.00","15,152.90","1,500.00",225.00,"8,590.00","1,096.63","5,808.37"
 1/25/21,SL,2013,HYUNDAI,VELOSTER BASE,246,"10,495.00","10,837.55",750.00,115.00,"3,710.00","1,569.04","5,215.96"
 2/19/21,SL,2013,HONDA,CIVIC LX,246,"13,995.00","14,641.15",700.00,125.00,"5,960.00","1,503.34","6,531.66"
 4/3/21,SL,2014,HONDA,CIVIC LX,184,"13,995.00","15,998.75","1,200.00",250.00,"7,390.00",958.91,"5,646.09"
 1/14/21,SL,2013,HONDA,ACCORD LX,246,"15,995.00","16,747.50","1,000.00",225.00,"7,110.00","2,243.58","6,641.42"
 2/20/21,SL,2018,KIA,FORTE LX; S,246,"13,995.00","14,841.85",500.00,110.00,"8,040.00",681.95,"5,273.05"
 3/15/21,SL,2008,HONDA,ELEMENT EX,155,"8,995.00","8,298.75","1,500.00",300.00,"4,510.00",663.60,"3,821.40"
 1/2/21,SL,2015,NISSAN,ALTIMA 2.5; 2.5 S; 2,240,"11,995.00","12,232.45","1,000.00",200.00,"6,500.00",830.94,"4,664.06"
 5/4/21,SL,2006,TOYOTA,RAV4 BASE,179,"12,495.00","12,764.50",700.00,110.00,"5,230.00","1,622.80","5,642.20"
 5/19/21,SL,2017,HYUNDAI,ELANTRA,116,"15,495.00","14,430.45","2,500.00",200.00,"6,450.00","3,526.89","5,518.11"
 6/16/21,SL,2007,TOYOTA,4RUNNER LIMITED,63,"11,995.00","11,329.60","1,600.00",350.00,"5,800.00",984.22,"5,210.78"
 5/3/21,SL,2006,TOYOTA,TUNDRA SR5,109,"15,995.00","15,182.90","2,000.00",260.00,"7,000.00","1,758.48","7,236.52"
 4/15/21,SL,2007,HONDA,CIVIC LX,105,"9,995.00","10,215.75",650.00,100.00,"2,000.00","1,504.14","6,490.86"
 7/3/21,SL,2012,MAZDA,MAZDA3 I TOURING W/S,33,"12,995.00","12,272.75","2,000.00",90.00,"5,160.00","1,004.77","6,830.23"
 3/20/21,SL,2012,HONDA,CIVIC LX,132,"11,995.00","11,711.00","1,500.00",200.00,"5,160.00",714.87,"6,120.13"
 4/7/21,SL,2011,HONDA,CR-V LX,120,"11,495.00","11,680.65","1,000.00",200.00,"4,360.00","1,430.88","5,704.12"
 4/7/21,SL,2014,MAZDA,MAZDA6 GRAND TOURING,112,"13,995.00","13,918.70","1,200.00",225.00,"7,640.00",510.17,"5,844.83"
 4/2/21,SL,2016,HYUNDAI,ELANTRA LIMITED; SE;,167,"14,995.00","15,323.60",800.00,460.00,"8,345.00",850.74,"5,799.26"
 3/26/21,SL,2012,MAZDA,MAZDA3 I TOURING W/S,268,"11,995.00","12,192.40",800.00,200.00,"4,900.00","1,322.92","5,772.08"
 4/30/21,SL,2013,ACURA,RDX BASE; BASE W/ACU,110,"18,495.00","18,123.40","2,000.00",200.00,"10,810.00",882.35,"6,802.65"
 5/7/21,SL,2015,HYUNDAI,ACCENT GS; SE,83,"11,995.00","12,714.50",500.00,100.00,"3,860.00","1,594.91","6,540.09"
 5/5/21,SL,2011,NISSAN,PATHFINDER S; LE; SV,89,"14,995.00","15,885.35",300.00,280.00,"6,310.00","1,572.57","7,112.43"
 6/15/21,SL,2014,TOYOTA,CAMRY SE; LE; XLE; L,110,"15,995.00","16,467.45","1,000.00",550.00,"9,680.00",642.28,"5,672.72"
 5/4/21,SL,2007,LINCOLN,MKX,99,"10,995.00","10,948.20","1,200.00",200.00,"3,650.00",979.57,"6,365.43"
 5/13/21,SL,2013,NISSAN,ALTIMA,86,"12,995.00","12,553.80","1,500.00",400.00,"3,500.00","1,143.22","8,351.78"
 7/2/21,SL,2018,TOYOTA,COROLLA CE; S; LE,47,"16,995.00","19,622.91",300.00,250.00,"8,000.00","1,178.53","7,816.47"
 4/19/21,SL,2013,HYUNDAI,ELANTRA GLS; LIMITED,102,"13,995.00","14,119.40","1,000.00",200.00,"8,200.00",905.57,"4,889.43"
 5/11/21,OF,2016,HYUNDAI,TUCSON LIMITED; SPOR,79,"18,995.00","22,514.80",0.00,"22,514.80","14,100.00",568.25,"4,326.75"
 3/6/21,SL,2016,HONDA,CR-V TOURING,236,"20,995.00","23,812.28",0.00,290.00,"15,710.00",623.43,"4,661.57"
 1/29/21,CD,2009,HYUNDAI,SONATA,235,500.00,640.00,0.00,640.00,300.00,0.00,200.00
 3/31/21,SL,2014,HONDA,CR-V LX,211,"14,495.00","13,366.60","2,500.00",400.00,"7,645.00","1,009.09","5,840.91"
 4/5/21,SL,2015,KIA,SOUL BASE,126,"13,995.00","13,838.35","1,500.00",200.00,"6,840.00","1,294.29","5,860.71"
 2/4/21,CD,2012,KIA,SORENTO,232,500.00,500.00,0.00,500.00,"3,225.00",0.00,"-2,725.00"
 1/29/21,SL,2015,HYUNDAI,SONATA SE,184,"11,995.00","11,796.00","1,000.00",200.00,"4,850.00","1,302.05","5,842.95"
 1/30/21,SL,2014,NISSAN,ALTIMA,181,"10,995.00","10,851.35",300.00,210.00,"4,775.00","1,181.35","5,038.65"
 1/27/21,WH,2006,CHEVROLET,SILVERADO,674,"3,750.00","3,750.00",0.00,"3,750.00","2,350.00",0.00,"1,400.00"
 3/4/21,SL,2017,HONDA,ACCORD LX,182,"16,995.00","15,805.35","2,500.00",225.00,"8,960.00","1,693.78","6,341.22"
 2/15/21,SL,2009,HONDA,ACCORD LX,177,"10,495.00","10,336.10","1,000.00",100.00,"5,465.00",702.47,"4,327.53"
 1/15/21,SL,2013,HONDA,PILOT EXL,253,"17,995.00","17,371.35","2,000.00",120.00,"11,475.00",765.02,"5,754.98"
 1/16/21,SL,2014,MAZDA,MAZDA3 I SPORT W/SKY,216,"12,995.00","13,557.35",700.00,115.00,"6,340.00",926.93,"5,728.07"
 1/27/21,SL,2011,TOYOTA,TACOMA PRERUNNER,253,"19,995.00","20,500.80","1,500.00",600.00,"15,825.00","1,348.40","2,821.60"
 2/9/21,SL,2013,HONDA,CR-V EX,209,"14,495.00","14,530.80",0.00,120.00,"7,680.00",948.88,"5,866.12"
 3/13/21,SL,2015,HONDA,ACCORD EX,139,"14,995.00","14,681.15","1,500.00",225.00,"7,540.00","1,550.87","5,904.13"
 4/27/21,SL,2013,TOYOTA,TUNDRA SR; SR5,112,"23,995.00","21,966.70","4,000.00",150.00,"15,595.00","2,075.97","6,324.03"
 3/27/21,SL,2012,TOYOTA,CAMRY SE; LE; XLE,156,"13,995.00","14,621.15",500.00,200.00,"6,410.00","1,758.34","5,826.66"
 5/10/21,SL,2014,MAZDA,MAZDA6 TOURING,79,"15,495.00","16,551.08",0.00,225.00,"7,740.00","1,791.54","5,963.46"
 3/27/21,SL,2011,TOYOTA,SIENNA BASE; LIMITED,134,"14,995.00","19,494.61","2,000.00",125.00,"7,840.00","1,402.45","5,752.55"
 4/9/21,SL,2010,TOYOTA,YARIS BASE,140,"11,495.00","11,459.95","1,000.00",190.00,"4,160.00","1,059.54","6,275.46"
 3/17/21,SL,2005,TOYOTA,SEQUOIA LIMITED,155,"11,995.00","11,429.95","1,500.00",200.00,"4,400.00",0.00,"7,595.00"
 4/20/21,WH,2009,CHEVROLET,AVEO,111,"3,020.00","3,020.00",0.00,"3,020.00",500.00,0.00,"2,520.00"
 4/2/21,SL,2013,HYUNDAI,ACCENT GLS,125,"11,495.00","11,399.60","1,000.00",400.00,"4,495.00",878.49,"6,121.51"
 3/25/21,SL,2010,HONDA,CR-V EX-L,132,"12,995.00","13,276.25","1,000.00",120.00,"5,830.00","1,076.01","6,088.99"
 4/6/21,SL,2012,HYUNDAI,ELANTRA GLS; LIMITED,114,"10,995.00","10,426.45","1,500.00",375.00,"4,010.00",869.92,"6,115.08"
 6/12/21,SL,2012,HONDA,CR-V EX,53,"13,495.00","13,808.35","1,000.00",220.00,"7,840.00","1,425.24","4,229.76"
 4/17/21,SL,2012,HONDA,CIVIC EX-L,102,"12,995.00","12,995.20",0.00,175.00,"5,410.00","1,273.40","6,311.60"
 4/23/21,SL,2016,NISSAN,ALTIMA 2.5; 2.5 S; 2,121,"15,995.00","15,965.70","1,500.00",130.00,"8,840.00","1,183.39","5,971.61"
 4/26/21,SL,2015,MAZDA,MAZDA3 I TOURING W/S,109,"13,995.00","13,115.90","2,000.00",210.00,"7,790.00",919.73,"5,285.27"
 4/15/21,SL,2013,HYUNDAI,ELANTRA GLS; LIMITED,106,"12,995.00","13,778.00",500.00,200.00,"5,810.00",882.48,"6,302.52"
 4/30/21,SL,2013,MAZDA,CX-5 TOURING,105,"15,995.00","16,246.75","1,000.00",100.00,"8,490.00",975.84,"6,529.16"
 4/24/21,SL,2012,HONDA,PILOT EXL,97,"15,995.00","18,678.94",500.00,280.00,"8,340.00","2,682.21","4,972.79"
 4/15/21,SL,2016,NISSAN,ALTIMA 2.5; 2.5 S; 2,110,"14,995.00","15,182.90","1,000.00",210.00,"8,040.00",878.07,"6,076.93"
 4/30/21,SL,2015,HONDA,ACCORD SPORT,89,"15,995.00","16,467.45","1,000.00",120.00,"8,790.00","1,353.63","5,851.37"
 5/8/21,SL,2012,HONDA,ACCORD SE,97,"13,995.00","14,340.10","1,000.00",225.00,"7,440.00",751.69,"5,803.31"
 6/25/21,SL,2012,HONDA,CR-V EX-L,37,"16,495.00","16,999.20","1,000.00",125.00,"10,062.00","1,157.94","5,275.06"
 5/27/21,SL,2005,ACURA,TL 3.2TL,76,"12,495.00","13,125.90",400.00,125.00,"5,122.00","2,074.25","5,298.75"
 6/10/21,SL,2016,TOYOTA,COROLLA,52,"13,995.00","14,741.50",600.00,225.00,"5,456.90","1,511.00","7,027.10"
 4/22/21,SL,2017,HYUNDAI,ACCENT,103,"10,995.00","11,148.90","1,000.00",200.00,"3,850.00","1,008.01","6,136.99"
 4/8/21,SL,2014,MAZDA,CX-5 TOURING,117,"16,995.00","15,524.30","3,000.00",100.00,"9,050.00",0.00,"7,945.00"
 4/19/21,SL,2008,HONDA,ACCORD,181,"7,495.00","7,707.00",500.00,200.00,"3,775.00","1,064.20","2,655.80"
 3/15/21,SL,2016,TOYOTA,RAV4 XLE,330,"18,995.00","18,554.80","2,100.00",250.00,"12,500.00","1,612.75","4,882.25"
 3/27/21,SL,2019,TOYOTA,COROLLA CE; S; LE,314,"19,995.00","19,999.70","1,500.00",130.00,"13,620.00",565.00,"5,810.00"
 3/9/21,SL,2018,KIA,SOUL +  (PLUS),216,"18,995.00","19,440.75",200.00,145.00,"12,045.00",973.95,"5,976.05"
 1/9/21,SL,2014,HONDA,ACCORD SPORT,204,"15,995.00","15,744.00","2,000.00",250.00,"8,660.00",945.81,"6,389.19"
 2/11/21,SL,2009,HONDA,CIVIC EX,204,"9,995.00","10,366.10",500.00,200.00,"3,510.00","1,884.74","4,600.26"
 2/5/21,SL,2011,HONDA,CIVIC EX,184,"9,995.00","9,081.55","2,000.00",175.00,"3,810.00","2,361.39","3,823.61"
 2/18/21,SL,2017,TOYOTA,CAMRY SE; LE; XLE; X,184,"15,995.00","16,848.85",400.00,250.00,"7,840.00",966.45,"7,188.55"
 2/18/21,SL,2015,HONDA,CIVIC SE,223,"13,995.00","14,119.40","1,000.00",225.00,"6,610.00",678.98,"6,706.02"
 2/27/21,SL,2011,FORD,EXPLORER,153,"14,495.00","14,370.10","1,500.00",135.00,"5,350.00","2,227.12","6,917.88"
 1/6/21,SL,2016,TOYOTA,COROLLA CE; S; LE,217,"11,995.00","12,994.20",500.00,100.00,"6,010.00",665.08,"5,319.92"
 3/18/21,SL,2019,TOYOTA,COROLLA CE; S; LE,167,"15,495.00","16,438.50",200.00,250.00,"9,040.00","1,395.96","5,059.04"
 3/3/21,SL,2010,HONDA,CR-V,182,"11,995.00","12,714.50",500.00,200.00,"5,725.00",947.71,"5,322.29"
 2/19/21,SL,2013,TOYOTA,COROLLA,170,"9,995.00","11,791.79",300.00,190.00,"3,875.00","2,870.71","3,249.29"
 5/8/21,SL,2019,MITSUBISHI,MIRAGE GT,282,"14,995.00","15,403.95","1,000.00",200.00,"7,240.00",899.49,"6,855.51"
 2/6/21,SL,2013,HYUNDAI,ACCENT GS; SE,204,"9,495.00","9,834.35",500.00,200.00,"3,910.00",758.87,"4,826.13"
 1/9/21,SL,2009,TOYOTA,RAV4 BASE,204,"13,995.00","14,841.55",800.00,550.00,"6,660.00",671.57,"6,663.43"
 1/7/21,OH,2016,KIA,SOUL BASE,202,"10,995.00","11,770.00",600.00,100.00,"3,555.00","1,330.23","6,109.77"
 5/6/21,SL,2018,TOYOTA,YARIS IA SE; LE; L,85,"14,995.00","13,396.60","3,000.00",100.00,"8,090.00",996.39,"5,908.61"
 2/18/21,SL,2006,TOYOTA,TACOMA,167,"11,995.00","10,928.20","2,000.00",250.00,"4,000.00","2,029.02","5,965.98"
 6/7/21,SL,2018,NISSAN,ALTIMA 2.5; 2.5 S; 2,55,"15,995.00","15,887.10",800.00,220.00,"8,240.00",0.00,"7,755.00"
 6/4/21,SL,2003,TOYOTA,CAMRY SE; LE; XLE,54,"10,495.00","10,998.20",400.00,385.00,"4,400.00","1,281.66","4,813.34"
 4/28/21,SL,2012,HONDA,CIVIC EX,93,"11,495.00","11,961.70",500.00,200.00,"3,890.00","2,239.56","5,365.44"
 4/30/21,SL,2014,HONDA,CIVIC EX,91,"13,995.00","14,560.80",500.00,125.00,"7,040.00","1,104.49","5,850.51"
 3/11/21,WH,2006,NISSAN,ALTIMA,146,540.00,540.00,0.00,540.00,500.00,0.00,40.00
 4/16/21,SL,2012,HYUNDAI,VELOSTER BASE,110,"11,995.00","15,856.92",100.00,130.00,"4,360.00","1,271.51","6,363.49"
 5/25/21,SL,2012,HONDA,CR-V EX,109,"13,995.00","14,621.15",500.00,215.00,"8,040.00","1,045.10","4,909.90"
 3/18/21,SL,2017,NISSAN,ALTIMA 2.5; 2.5 S; 2,132,"17,995.00","17,872.35","1,500.00",250.00,"9,680.00",959.97,"7,355.03"
 3/18/21,SL,2012,TOYOTA,VENZA BASE,132,"15,995.00","15,745.00","1,500.00",120.00,"8,640.00","1,110.09","6,244.91"
 7/5/21,SL,2018,HYUNDAI,ELANTRA,29,"15,495.00","15,915.70",800.00,130.00,"8,000.00",0.00,"7,495.00"
 2/23/21,SL,2010,HONDA,ACCORD,184,"10,495.00","10,416.45","1,200.00",200.00,"3,000.00","2,963.08","4,531.92"
 3/9/21,SL,2012,HYUNDAI,ELANTRA GLS; LIMITED,189,"14,495.00","14,891.85",700.00,230.00,"7,490.00","1,165.68","5,839.32"
 4/17/21,SL,2013,HONDA,CR-V EX-L,198,"16,995.00","17,250.25","1,000.00",250.00,"8,190.00",929.00,"7,876.00"
 2/18/21,SL,2014,TOYOTA,VENZA BASE,177,"15,495.00","15,213.25","1,500.00",125.00,"9,190.00",120.00,"6,185.00"
 4/24/21,SL,2007,JEEP,WRANGLER,109,"10,995.00","9,924.70","2,000.00",100.00,"5,000.00","1,288.22","4,706.78"
 1/16/21,SL,2004,TOYOTA,TACOMA,193,"8,995.00","8,304.75",100.00,350.00,"3,500.00",734.14,"4,760.86"
 2/26/21,SL,2012,MAZDA,MAZDA3 TOURING,193,"11,995.00","12,212.75","1,000.00",100.00,"6,540.00","1,624.10","3,830.90"
 5/29/21,SL,2012,HONDA,CR-V EX-L,83,"14,995.00","15,684.65",500.00,130.00,"7,440.00","2,240.19","5,314.81"
 3/19/21,SL,2012,HONDA,PILOT EX-L RES,145,"15,495.00","15,152.90","1,500.00",225.00,"8,240.00","1,261.11","5,993.89"
 4/8/21,SL,2012,HONDA,CR-V EX-L,119,"14,495.00","14,874.65",200.00,130.00,"8,440.00","1,583.51","4,471.49"
 1/14/21,WH,2006,KIA,SORENTO,480,"2,050.00","2,050.00",0.00,"2,050.00","1,000.00","2,429.97","-1,379.97"
 1/7/21,SL,2013,NISSAN,ALTIMA,217,"9,995.00","10,606.15",700.00,100.00,"2,200.00","1,835.26","5,959.74"
 2/13/21,SL,2013,TOYOTA,TUNDRA SR; SR5,165,"22,995.00","22,692.65","1,000.00",160.00,"15,495.00","1,224.13","6,275.87"
 1/14/21,WH,2014,NISSAN,SENTRA,278,"3,050.00","3,050.00",0.00,"3,050.00","2,350.00",109.87,590.13
 1/15/21,WH,2003,MAZDA,TRIBUTE,270,300.00,300.00,0.00,300.00,250.00,0.00,50.00
 1/27/21,WH,2011,HONDA,PILOT,216,300.00,300.00,0.00,300.00,"3,925.00",0.00,"-3,625.00"
 2/13/21,SL,2006,FORD,MUSTANG BASE,167,"7,995.00","8,359.10",600.00,125.00,1.00,"1,174.66","6,819.34"
 2/10/21,SL,2012,HONDA,CR-V EX,190,"11,995.00","13,255.76",100.00,200.00,"5,420.00",822.55,"5,752.45"
 1/30/21,SL,2014,HONDA,CIVIC EX,189,"14,295.00","14,940.20",500.00,100.00,"6,640.00","1,066.14","6,588.86"
 1/18/21,SL,2013,FORD,ESCAPE,202,"11,995.00","13,466.25",200.00,110.00,"5,075.00","1,625.39","5,294.61"
 2/3/21,SL,2017,HYUNDAI,ACCENT SE,366,"11,495.00","14,312.49","1,000.00",115.00,"5,850.00",562.92,"5,082.08"
 1/8/21,OH,2012,GMC,SIERRA,201,"17,995.00","18,593.80","1,500.00",140.00,"8,500.00",657.92,"8,837.08"
 3/17/21,SL,2018,CHEVROLET,MALIBU LT (2FL),153,"18,995.00","21,943.14","1,500.00",275.00,"10,450.00",556.20,"7,988.80"
 2/1/21,WH,2008,FORD,ESCAPE,813,"3,800.00","3,800.00",0.00,"3,800.00","2,800.00",235.00,765.00
 4/23/21,SL,2013,SCION,XD BASE,109,"12,995.00","13,276.25","1,000.00",200.00,"6,210.00","1,208.97","5,576.03"
 3/27/21,SL,2007,TOYOTA,4RUNNER SR5,126,"15,495.00","13,928.70","3,000.00",125.00,"8,690.00","1,059.97","5,745.03"
 6/2/21,OH,2011,HYUNDAI,ELANTRA GLS; LIMITED,91,"11,995.00","12,714.50",500.00,215.00,"4,360.00",904.14,"6,730.86"
 3/31/21,SL,2017,NISSAN,ALTIMA 2.5; 2.5 S; 2,139,"15,495.00","15,935.70","1,000.00",120.00,"7,740.00","1,074.96","6,680.04"
 3/25/21,SL,2016,NISSAN,ROGUE S; SL; SV,127,"15,995.00","15,243.25","2,000.00",200.00,"6,710.00","1,469.93","7,815.07"
 5/21/21,SL,2002,TOYOTA,CAMRY SE; LE; XLE,69,"9,495.00","9,834.35",500.00,200.00,"3,000.00","1,353.33","5,141.67"
 6/11/21,WH,2014,HYUNDAI,ELANTRA GLS; LIMITED,75,"5,680.00","5,680.00",0.00,"5,680.00","6,120.00",0.00,-440.00
 2/19/21,SL,2014,TOYOTA,RAV4 LE,391,"19,995.00","21,224.25",500.00,150.00,"10,630.00","2,656.79","6,708.21"
 1/29/21,SL,2013,HONDA,PILOT EXL,212,"18,495.00","19,867.79","1,000.00",250.00,"12,095.00",575.18,"5,824.82"
 2/13/21,SL,2013,TOYOTA,CAMRY SE; LE; XLE,216,"15,995.00","16,547.80",700.00,250.00,"7,955.00","1,238.83","6,801.17"
 1/26/21,SL,2014,FORD,F-150 XL; PLATINUM;,197,"21,995.00","21,624.65","2,500.00",265.00,"16,735.00",672.53,"4,587.47"
 1/7/21,WH,2011,FORD,F-150 XL; PLATINUM;,198,"6,000.00","6,000.00",0.00,"6,000.00","6,000.00",0.00,0.00
 1/11/21,SL,2018,NISSAN,ROGUE,577,"19,995.00","23,283.00",500.00,300.00,"12,000.00","4,201.70","3,793.30"
 2/16/21,SL,2019,HYUNDAI,ACCENT SE; SEL,168,"14,995.00","15,403.95","1,000.00",200.00,"10,150.00",193.42,"4,651.58"
 4/16/21,SL,2013,HONDA,FIT SPORT,153,"12,495.00","15,443.37",0.00,215.00,"5,420.00",894.90,"6,180.10"
 1/22/21,SL,2015,KIA,FORTE LX,187,"11,995.00","12,432.45","1,000.00",200.00,"5,520.00",775.73,"5,699.27"
 1/15/21,CD,2003,CHEVROLET,TRAILBLAZE,195,"1,000.00","1,480.25",0.00,"1,480.25",500.00,0.00,500.00
 1/28/21,WH,2009,FORD,F150,194,"5,250.00","5,250.00",0.00,"5,250.00","4,950.00",0.00,300.00
 2/27/21,SL,2018,CHEVROLET,IMPALA LT (1LT),174,"20,995.00","18,554.80","4,000.00",130.00,"13,050.00",0.00,"7,945.00"
 3/30/21,SL,2010,TOYOTA,COROLLA BASE; S; LE;,125,"11,495.00","11,459.95","1,000.00",200.00,"5,030.00","1,001.18","5,463.82"
 3/17/21,SL,2013,KIA,RIO LX,146,"10,995.00","11,148.90","1,000.00",160.00,"4,220.00","1,707.11","5,067.89"
 2/24/21,SL,2011,HONDA,PILOT,145,"10,995.00","10,148.90","1,000.00",450.00,"3,675.00","2,040.17","5,279.83"
 2/10/21,SL,2009,HONDA,ACCORD,194,"9,995.00","10,486.45",600.00,200.00,"3,525.00","1,064.52","5,405.48"
 7/23/21,WH,2013,CHEVROLET,IMPALA LT (FLEET),14,"4,785.00","4,785.00",0.00,"4,785.00","3,575.00",640.34,569.66
 4/20/21,SL,2011,TOYOTA,CAMRY BASE; SE; LE;,104,"13,495.00","12,804.85","2,000.00",100.00,"6,185.00","1,109.12","6,200.88"
 5/14/21,SL,2010,HONDA,CR-V EX-L,97,"13,995.00","14,621.15",500.00,215.00,"6,770.00","1,614.61","5,610.39"
 3/29/21,SL,2009,NISSAN,TITAN SE; LE; XE,141,"16,995.00","16,307.10","2,000.00",130.00,"9,040.00","1,380.50","6,574.50"
 6/9/21,SL,2009,HONDA,PILOT EXL,50,"15,495.00","15,654.65","1,000.00",125.00,"7,230.00","1,769.83","6,495.17"
 4/5/21,SL,2012,FORD,EXPLORER,120,"15,995.00","15,745.00","1,500.00",225.00,"7,375.00",0.00,"8,620.00"
 1/27/21,WH,2004,HONDA,CR-V,547,500.00,500.00,0.00,500.00,500.00,75.00,-75.00
 2/17/21,SL,2009,LEXUS,IS 250,341,"9,995.00","10,085.05","1,000.00",100.00,"2,500.00","1,862.37","5,632.63"
 1/14/21,SL,2013,HYUNDAI,SONATA,1273,"12,995.00","13,777.00","1,000.00",210.00,"4,500.00","3,150.28","5,344.72"
 1/22/21,SL,2014,CHEVROLET,CAMARO 2LT,308,"19,995.00","16,991.70","4,000.00",260.00,"14,070.00",657.98,"5,267.02"
 5/15/21,SL,2019,TOYOTA,COROLLA CE; S; LE,119,"19,495.00","18,966.20","2,000.00",125.00,"11,890.00",840.38,"6,764.62"
 3/16/21,SL,2016,HYUNDAI,ACCENT SE,167,"11,995.00","12,513.80",700.00,100.00,"5,760.00",613.98,"5,621.02"
 3/2/21,SL,2016,TOYOTA,CAMRY SE; LE; XLE; X,330,"18,995.00","17,872.35","2,500.00",115.00,"12,080.00","1,117.40","5,797.60"
 2/27/21,SL,2012,HONDA,CR-V,217,"16,995.00","17,511.30",800.00,225.00,"8,425.00",443.16,"8,126.84"
 6/25/21,SL,2018,TOYOTA,COROLLA,35,"16,995.00","17,029.55","1,500.00",125.00,"10,900.00",963.30,"5,131.70"
 1/20/21,SL,2014,TOYOTA,TUNDRA SR5; 1794 EDI,190,"33,428.49","30,274.25","6,000.00",200.00,"25,810.00",612.78,"7,005.71"
 1/21/21,SL,2007,TOYOTA,TUNDRA SR5,193,"16,795.00","17,899.35",700.00,260.00,"7,000.00","2,828.83","6,966.17"
 5/28/21,SL,2013,TOYOTA,RAV4,607,"15,995.00","16,820.60",150.00,260.00,"7,950.00","2,041.65","6,003.35"
 2/5/21,SL,2015,TOYOTA,COROLLA,186,"10,995.00","11,771.00",100.00,200.00,"3,300.00",704.92,"6,990.08"
 4/2/21,SL,2013,TOYOTA,RAV4,216,"17,995.00","18,093.05","1,500.00",120.00,"7,625.00","4,598.34","5,771.66"
 2/12/21,SL,2015,HYUNDAI,ELANTRA,354,"13,995.00","14,119.40","1,000.00",200.00,"6,350.00","1,918.31","5,726.69"
 1/14/21,WH,2013,HYUNDAI,SONATA,277,"4,350.00","4,350.00",0.00,"4,350.00","3,700.00",0.00,650.00
 4/8/21,SL,2010,MAZDA,MAZDA6 I SV; I SPORT,112,"13,995.00","14,239.75","1,100.00",220.00,"4,710.00","3,403.16","5,881.84"
 1/23/21,SL,2015,CHEVROLET,CAMARO 2LS,265,"16,995.00","21,889.31","1,000.00",165.00,"11,500.00","2,404.20","3,090.80"
 5/3/21,SL,2017,CHEVROLET,TRAX,109,"14,995.00","12,172.40","4,000.00",225.00,"5,325.00","3,095.13","6,574.87"
 2/4/21,OF,2018,CHEVROLET,EQUINOX,249,"19,816.00","22,999.85",0.00,"22,999.85","14,750.00",887.96,"4,178.04"
 2/11/21,SL,2017,HYUNDAI,ACCENT,249,"11,995.00","11,931.70","1,000.00",100.00,"5,100.00","1,270.91","5,624.09"
 1/26/21,SL,2012,SCION,XB,184,"8,495.00","11,239.42",0.00,200.00,"2,350.00","1,646.41","4,498.59"
 7/15/21,SL,2009,TOYOTA,VENZA BASE,20,"13,995.00","14,522.55",100.00,250.00,"7,640.00",120.00,"6,235.00"
 5/21/21,SL,2012,TOYOTA,CAMRY SE; LE; XLE,72,"13,995.00","14,340.10","1,000.00",200.00,"7,840.00",923.58,"5,231.42"
 6/3/21,WH,2011,ACURA,MDX TECHNOLOGY PACKA,70,"8,492.00","8,492.00",0.00,"8,492.00","7,210.00",120.00,"1,162.00"
 5/15/21,SL,2013,HYUNDAI,ELANTRA GLS; LIMITED,85,"13,495.00","13,527.30","1,000.00",100.00,"6,810.00","1,182.29","5,502.71"
 5/6/21,SL,2013,HONDA,ACCORD SPORT,83,"16,495.00","16,778.50","1,000.00",240.00,"9,480.00","1,072.64","5,942.36"
 7/12/21,SL,2009,LEXUS,IS 250,54,"9,995.00","10,366.10",500.00,430.00,"2,000.00",982.60,"7,012.40"
 5/12/21,WH,2013,HYUNDAI,VELOSTER,97,"4,290.00","4,290.00",0.00,"4,290.00","3,710.00",0.00,580.00
 7/2/21,SL,2015,HONDA,ODYSSEY,47,"18,995.00","18,374.10","2,000.00",250.00,"11,000.00","1,248.55","6,746.45"
 5/18/21,WH,2018,KIA,FORTE LX,75,"7,165.00","7,165.00",0.00,"7,165.00","7,165.00",0.00,0.00
 5/18/21,WH,2012,DODGE,RAM 1500,75,"11,187.00","11,187.00",0.00,"11,187.00","11,600.00",0.00,-413.00
 4/30/21,WH,2010,HONDA,ACCORD,97,"4,190.00","4,190.00",0.00,"4,190.00","3,325.00",0.00,865.00
 6/29/21,SL,2017,CHEVROLET,CRUZE LT,40,"16,995.00","16,931.20","1,000.00",250.00,"10,800.00",0.00,"6,195.00"
 6/16/21,SL,2008,HONDA,ACCORD,46,"9,495.00","9,051.55","1,500.00",225.00,"4,000.00","1,271.09","4,223.91"
 7/6/21,SL,2017,TOYOTA,COROLLA CE; S; LE,33,"15,995.00","15,463.95","2,000.00",120.00,"11,500.00",0.00,"4,495.00"
 7/5/21,SL,2015,HYUNDAI,SONATA LIMITED; SPOR,29,"15,995.00","15,684.65","1,500.00",250.00,"10,000.00",0.00,"5,995.00"
 6/25/21,WH,2013,FORD,ESCAPE,56,"2,633.00","2,633.00",0.00,"2,633.00","4,000.00",150.00,"-1,517.00"
 6/17/21,SL,2009,HONDA,ACCORD LX,41,"12,995.00","13,496.95",500.00,200.00,"5,300.00","1,381.91","6,313.09"
 7/1/21,SL,2016,NISSAN,ALTIMA,34,"14,995.00","15,705.98","1,300.00",240.00,"7,325.00",0.00,"7,670.00"
 7/15/21,SL,2015,JEEP,RENEGADE,43,"16,995.00","17,812.35",500.00,275.00,"11,150.00",700.52,"5,144.48"
 4/30/21,WH,2015,CHEVROLET,IMPALA LT (1LT),519,"8,850.00","8,850.00",0.00,"8,850.00","8,850.00",0.00,0.00
 7/26/21,SL,2011,HYUNDAI,ELANTRA GLS; LIMITED,47,"11,995.00","12,493.45",500.00,440.00,"5,510.00",120.00,"6,365.00"
 7/20/21,SL,2013,FORD,EDGE LIMITED,34,"14,495.00","14,089.05","1,500.00",200.00,"8,040.00",120.00,"6,335.00"
 7/22/21,WH,2007,DODGE,NITRO,14,734.00,734.00,0.00,734.00,100.00,0.00,634.00
 7/21/21,SL,2007,HONDA,CR-V LX,8,"11,995.00","12,714.50",500.00,200.00,"4,575.00","1,264.18","6,155.82"
 6/24/21,SL,2012,HYUNDAI,ACCENT GLS,37,"11,995.00","12,493.45",500.00,200.00,"5,150.00","1,303.27","5,541.73"
 5/31/21,SL,2010,HONDA,CR-V LX,70,"14,995.00","15,198.90",500.00,120.00,"9,162.00",596.67,"5,236.33"
 7/12/21,SL,2008,HONDA,CR-V EX-L,35,"11,995.00","12,493.45",500.00,200.00,"6,942.00",0.00,"5,053.00"
 7/17/21,SL,2014,TOYOTA,CAMRY SE; LE; XLE; L,55,"16,495.00","17,280.25",500.00,225.00,"9,480.00","1,881.02","5,133.98"
 7/10/21,SL,2008,LEXUS,RX 350 BASE,22,"12,995.00","13,256.25",800.00,200.00,"7,050.00",0.00,"5,945.00"
 6/11/21,WH,2013,RAM,1500,47,"5,580.00","5,580.00",0.00,"5,580.00","5,580.00",0.00,0.00
 7/17/21,SL,2011,HONDA,ACCORD EX,22,"13,995.00","14,059.05","1,000.00",225.00,"7,840.00",120.00,"6,035.00"
 7/8/21,SL,2010,HONDA,ACCORD EX-L,36,"13,995.00","14,059.05","1,000.00",215.00,"7,640.00",530.00,"5,825.00"
 6/30/21,SL,2014,CHEVROLET,SILVERADO,28,"15,911.69","16,659.84",500.00,125.00,"15,411.69",0.00,500.00
 7/23/21,WH,2013,MITSUBISHI,OUTLANDER,14,"2,065.00","2,065.00",0.00,"2,065.00","1,500.00",210.00,355.00
 4/9/21,CD,2018,FORD,TRANSIT VAN BASE,110,"28,900.00","28,900.00",0.00,"28,900.00","28,900.00",0.00,0.00
 7/20/21,SL,2013,TOYOTA,SIENNA,8,"13,995.00","16,226.27",500.00,240.00,"7,000.00",0.00,"6,995.00"
 7/10/21,SL,2014,MAZDA,MAZDA6 SPORT,28,"14,995.00","14,902.20","1,500.00",225.00,"8,440.00",120.00,"6,435.00"
 7/19/21,SL,2013,HONDA,CIVIC LX,23,"10,995.00","11,429.95",500.00,110.00,"4,910.00",120.00,"5,965.00"
 7/3/21,SL,2014,HONDA,CIVIC LX,34,"12,495.00","13,025.55",500.00,200.00,"6,550.00",0.00,"5,945.00"
 7/3/21,SL,2011,HONDA,CR-V SE,51,"15,995.00","16,648.15",600.00,250.00,"7,740.00","1,032.05","7,222.95"
 5/29/21,SL,2017,TOYOTA,COROLLA CE; S; LE,89,"16,995.00","16,026.05","2,500.00",260.00,"10,680.00",946.36,"5,368.64"
 5/24/21,SL,2011,HONDA,PILOT EXL,72,"15,495.00","14,651.15","2,000.00",460.00,"7,840.00","2,156.47","5,498.53"
 5/25/21,SL,2014,HONDA,CIVIC LX,75,"12,995.00","12,553.80","1,500.00",200.00,"6,810.00",783.52,"5,401.48"
 6/24/21,SL,2010,TOYOTA,TUNDRA SR; SR5,43,"18,495.00","18,103.40","1,800.00",140.00,"11,795.00","2,535.28","4,164.72"
 6/26/21,SL,2012,HONDA,CIVIC EX,40,"12,995.00","13,496.95",500.00,115.00,"7,110.00","1,104.10","4,780.90"
 5/5/21,WH,2011,ACURA,TSX BASE,97,"6,270.00","6,270.00",0.00,"6,270.00","7,110.00",120.00,-960.00
 6/16/21,SL,2011,HONDA,ACCORD LX-P,53,"13,995.00","16,314.25",0.00,125.00,"6,510.00","1,499.93","5,985.07"
 5/18/21,SL,2013,HONDA,ACCORD LX,72,"16,495.00","15,715.00","2,000.00",215.00,"8,385.00","1,491.05","6,618.95"
 6/16/21,SL,2012,TOYOTA,CAMRY SE; LE; XLE,47,"14,995.00","15,182.90","1,000.00",225.00,"7,010.00","1,506.60","6,478.40"
 5/25/21,SL,2014,MAZDA,MAZDA6 TOURING,69,"15,495.00","15,715.00","1,000.00",225.00,"9,040.00",679.09,"5,775.91"
 7/3/21,SL,2015,HYUNDAI,SONATA SE,56,"15,995.00","15,463.95","2,000.00",115.00,"9,480.00","1,372.95","5,142.05"
 5/19/21,SL,2013,HONDA,ACCORD LX,71,"15,995.00","15,965.70","1,500.00",125.00,"10,080.00",747.67,"5,167.33"
 6/28/21,SL,2011,TOYOTA,CAMRY BASE; SE; LE;,35,"12,995.00","13,276.25","1,000.00",215.00,"5,410.00","1,769.07","5,815.93"
 6/23/21,SL,2010,TOYOTA,CAMRY SE; LE; XLE,41,"12,995.00","13,055.55","1,000.00",105.00,"6,510.00","1,356.23","5,128.77"
 5/19/21,SL,2011,HONDA,PILOT EXL-NAVI,75,"16,995.00","18,023.42",500.00,250.00,"9,240.00","1,217.01","6,537.99"
 6/9/21,SL,2013,HYUNDAI,ELANTRA GLS; LIMITED,69,"12,495.00","12,824.85",700.00,105.00,"6,860.00",813.28,"4,821.72"
 6/7/21,SL,2013,HYUNDAI,ELANTRA GT BASE,60,"9,995.00","9,988.20",100.00,350.00,"3,660.00",778.76,"5,556.24"
 4/14/21,SL,2013,TOYOTA,CAMRY SE; LE; XLE,110,"13,995.00","13,868.35","1,250.00",100.00,"6,600.00","1,260.36","6,134.64"
 7/3/21,SL,2013,HONDA,ACCORD,29,"16,495.00","16,778.50","1,000.00",240.00,"10,552.64",0.00,"5,942.36"
 6/24/21,SL,2016,HYUNDAI,ACCENT SE,48,"13,995.00","14,841.85",500.00,125.00,"7,300.00","1,093.88","5,601.12"
 6/17/21,SL,2014,KIA,SEDONA EX; LX,47,"13,495.00","14,310.10",500.00,105.00,"6,925.00",0.00,"6,570.00"
 7/1/21,SL,2015,TOYOTA,CAMRY,28,"16,995.00","17,310.60","1,000.00",240.00,"11,550.00",0.00,"5,445.00"
 7/15/21,SL,2012,HONDA,CR-V,41,"16,995.00","16,250.25","1,000.00",125.00,"10,250.00",0.00,"6,745.00"
 7/23/21,SL,2009,TOYOTA,RAV4 BASE,41,"13,995.00","14,661.15",400.00,230.00,"6,300.00",0.00,"7,695.00"
 5/14/21,SL,2018,TOYOTA,TACOMA SR; SR5; TRD,89,"29,995.00","27,352.60","3,000.00",370.00,"23,100.00",647.24,"6,247.76"
 6/7/21,SL,2012,RAM,1500,57,"16,995.00","16,531.30","1,000.00",150.00,"10,700.00",756.00,"5,539.00"
 5/17/21,SL,2017,KIA,FORTE LX,78,"11,995.00","11,931.70","1,000.00",200.00,"3,855.00",632.59,"7,507.41"
 7/16/21,SL,2017,TOYOTA,COROLLA,35,"15,995.00","16,369.10",500.00,225.00,"10,000.00",0.00,"5,995.00"
 5/28/21,SL,2014,NISSAN,SENTRA,85,"9,995.00","10,386.10",700.00,200.00,"2,000.00","1,223.70","6,771.30"
 5/20/21,WH,2013,DODGE,CHALLENGER SXT,70,"3,890.00","3,890.00",0.00,"3,890.00","3,890.00",0.00,0.00
 6/18/21,SL,2013,FORD,EDGE SEL,47,"14,995.00","15,182.90","1,000.00",230.00,"10,300.00",0.00,"4,695.00"
 6/9/21,SL,2017,KIA,SORENTO LX; L,57,"15,995.00","14,741.50","2,500.00",230.00,"10,100.00",515.03,"5,379.97"
 7/12/21,SL,2014,CHEVROLET,TAHOE,28,"23,995.00","23,471.95","2,500.00",310.00,"16,600.00",0.00,"7,395.00"
 7/24/21,SL,2015,CHEVROLET,IMPALA,35,"15,495.00","16,291.75",500.00,130.00,"9,000.00",0.00,"6,495.00"
 7/13/21,SL,2012,HYUNDAI,ELANTRA GLS; LIMITED,52,"12,995.00","13,356.60",700.00,220.00,"6,310.00",875.73,"5,809.27"
 7/10/21,SL,2008,SCION,XB BASE,37,"10,995.00","10,928.20","1,000.00",225.00,"3,860.00","1,258.54","5,876.46"
 6/10/21,SL,2012,TOYOTA,TUNDRA SR; SR5,54,"20,495.00","24,478.12","2,500.00",350.00,"13,920.00",618.83,"5,956.17"
 7/24/21,SL,2006,SCION,TC BASE,13,"11,995.00","12,212.75","1,000.00",120.00,"4,960.00","1,232.97","5,802.03"
 6/10/21,SL,2012,HONDA,ACCORD SE,57,"13,495.00","14,310.10",500.00,225.00,"7,010.00",981.97,"5,503.03"
 7/15/21,SL,2014,KIA,SOUL BASE,35,"12,995.00","12,435.20",0.00,100.00,"5,110.00","1,902.29","5,982.71"
 6/11/21,SL,2012,KIA,SPORTAGE BASE; EX; L,60,"14,995.00","14,621.15","1,500.00",205.00,"8,190.00",782.62,"6,022.38"
 6/22/21,SL,2011,HONDA,PILOT EXL,50,"14,495.00","14,089.05","1,500.00",225.00,"7,590.00","1,220.41","5,684.59"
 6/14/21,SL,2011,NISSAN,FRONTIER S; SL; PRO-,48,"18,995.00","19,116.90",200.00,130.00,"12,895.00",570.00,"5,530.00"
 7/5/21,SL,2013,HONDA,CIVIC LX,51,"13,995.00","14,560.80",500.00,115.00,"7,540.00",350.00,"6,105.00"
 7/2/21,SL,2016,NISSAN,VERSA S; SL; SV,37,"11,995.00","11,429.95","1,500.00",200.00,"5,260.00",450.00,"6,285.00"
 7/1/21,SL,2015,KIA,SPORTAGE EX; LX,27,"14,995.00","15,284.30",600.00,200.00,"7,010.00",120.00,"7,865.00"
 7/15/21,SL,2014,HONDA,CR-V LX,78,"13,995.00","14,540.80",800.00,115.00,"7,455.00",730.99,"5,809.01"
 7/3/21,SL,2015,CHEVROLET,TAHOE,40,"31,995.00","28,469.45","6,000.00",220.00,"24,500.00",893.65,"6,601.35"
 7/15/21,SL,2016,TOYOTA,CAMRY SE; LE; XLE; X,27,"16,495.00","15,775.00","2,000.00",115.00,"8,970.00",120.00,"7,405.00"
 7/21/21,SL,2016,JEEP,PATRIOT,61,"11,995.00","12,193.84",0.00,200.00,"5,000.00",0.00,"6,995.00"
 6/25/21,CD,1999,BUICK,LESABRE,55,98.13,200.00,0.00,200.00,400.00,0.00,-301.87
 5/11/21,SL,2016,HONDA,CIVIC EX-L,78,"16,495.00","15,594.30",0.00,130.00,"10,300.00","1,137.29","5,057.71"
 6/11/21,SL,2015,NISSAN,ROGUE S; SL; SV,51,"15,495.00","14,932.20","2,000.00",125.00,"8,970.00",410.00,"6,115.00"
 5/27/21,SL,2011,HONDA,PILOT EXL-NAVI,69,"15,495.00","15,862.15",0.00,110.00,"8,040.00",739.08,"6,715.92"
 7/10/21,SL,2013,TOYOTA,CAMRY SE; LE; XLE,19,"14,995.00","14,400.45","2,000.00",225.00,"7,940.00","1,442.22","5,612.78"
 7/3/21,SL,2018,NISSAN,ALTIMA 2.5; 2.5 S; 2,52,"16,995.00","17,312.35",500.00,125.00,"9,340.00",170.00,"7,485.00"
 5/26/21,SL,2012,HONDA,CR-V EX-L,77,"13,995.00","14,119.40","1,000.00",100.00,"9,040.00",724.80,"4,230.20"
 6/28/21,SL,2012,HONDA,CIVIC LX,34,"12,495.00","12,945.20",800.00,215.00,"6,310.00",120.00,"6,065.00"
 7/26/21,SL,2012,HONDA,CR-V EX,9,"13,995.00","14,340.10","1,000.00",225.00,"10,200.00",0.00,"3,795.00"
 7/26/21,SL,2013,TOYOTA,CAMRY SE; LE; XLE,22,"14,995.00","15,403.95","1,000.00",225.00,"8,670.00",120.00,"6,205.00"
 5/14/21,SL,2013,HONDA,CR-V LX,77,"13,995.00","16,975.35","1,000.00",500.00,"7,310.00","1,112.06","5,572.94"
 6/12/21,SL,2012,HONDA,CR-V EX-L,76,"12,995.00","13,356.60",700.00,115.00,"6,610.00",120.00,"6,265.00"
 5/10/21,SL,2009,FORD,EXPEDITION EDDIE BAU,79,"15,995.00","16,166.40","1,300.00",135.00,"7,500.00",694.99,"7,800.01"
 4/30/21,SL,2019,KAUFMAN,MINI-5 TRI/A,90,"19,600.00","18,305.90",0.00,350.00,"17,100.00",0.00,"2,500.00"
 6/11/21,SL,2015,KIA,SORENTO LX,50,"16,495.00","15,775.00","2,000.00",225.00,"9,490.00","1,269.06","5,735.94"
 7/13/21,SL,2012,HONDA,CR-V LX,53,"12,995.00","13,496.95",500.00,215.00,"6,795.00",759.09,"5,440.91"
 5/27/21,SL,2013,HONDA,ACCORD LX,70,"13,995.00","14,621.15",500.00,250.00,"6,650.00",982.69,"6,362.31"
 7/27/21,SL,2013,HONDA,CR-V EX-L,63,"16,495.00","15,995.70","2,000.00",230.00,"9,885.00","1,023.96","5,586.04"
 7/23/21,SL,2015,TOYOTA,CAMRY SE; LE; XLE; X,9,"16,495.00","16,969.20",750.00,250.00,"9,270.00","1,875.86","5,349.14"
 5/25/21,WH,2012,HYUNDAI,VELOSTER,90,"2,530.00","2,530.00",0.00,"2,530.00","4,360.00",0.00,"-1,830.00"
 6/2/21,WH,2016,NISSAN,ALTIMA 2.5 SR,64,"1,500.00","1,500.00",0.00,"1,500.00","1,500.00",0.00,0.00
 6/3/21,SL,2015,DODGE,CHARGER SE; SXT,65,"18,995.00","17,651.65","3,000.00",515.00,"11,100.00",0.00,"7,895.00"
 6/2/21,WH,2016,HYUNDAI,ACCENT SE,65,"1,200.00","1,200.00",0.00,"1,200.00","1,200.00",0.00,0.00
 5/27/21,SL,2012,HONDA,CR-V EX-L,93,"15,995.00","16,748.50",500.00,125.00,"9,880.00",741.36,"5,373.64"
 7/8/21,SL,2014,HONDA,CIVIC LX,43,"15,495.00","15,715.00","1,000.00",225.00,"8,640.00",640.00,"6,215.00"
 5/25/21,SL,2012,TOYOTA,COROLLA BASE; S; LE;,77,"12,495.00","12,900.20",600.00,100.00,"7,110.00",863.91,"4,521.09"
 5/14/21,SL,2015,TOYOTA,CAMRY SE; LE; XLE; X,93,"15,995.00","16,186.40","1,000.00",225.00,"9,240.00","1,583.85","5,171.15"
 5/25/21,SL,2014,TOYOTA,COROLLA CE; S; LE,68,"15,495.00","16,216.75",500.00,235.00,"9,930.00",728.98,"4,836.02"
 7/3/21,SL,2014,HONDA,CIVIC LX,53,"14,995.00","14,861.85",200.00,105.00,"8,490.00",820.20,"5,684.80"
 6/8/21,SL,2016,HYUNDAI,ELANTRA LIMITED; SE;,93,"13,495.00","13,587.30","1,000.00",120.00,"5,810.00","2,064.60","5,620.40"
 6/25/21,SL,2012,HONDA,CR-V EX,83,"12,995.00","13,557.30",500.00,200.00,"7,210.00",953.81,"4,831.19"
 5/12/21,SL,2012,HONDA,ACCORD EX-L,83,"14,495.00","14,871.85","1,000.00",220.00,"7,840.00","1,065.98","5,589.02"
 5/6/21,SL,2015,NISSAN,ROGUE S; SL; SV,86,"16,995.00","20,459.52","1,500.00",275.00,"9,480.00","1,472.22","6,042.78"
 6/4/21,WH,2005,HONDA,ACCORD,70,"1,275.00","1,275.00",0.00,"1,275.00",500.00,0.00,775.00
 7/23/21,SL,2017,KIA,RIO LX,48,"12,995.00","13,758.00",300.00,220.00,"6,230.00",922.15,"5,842.85"
 5/19/21,SL,2016,NISSAN,ALTIMA 2.5; 2.5 S; 2,70,"16,995.00","17,109.90","1,200.00",235.00,"10,000.00",801.86,"6,193.14"
 4/27/21,WH,2008,HONDA,ACCORD,527,"2,530.00","2,530.00",0.00,"2,530.00","2,675.00",0.00,-145.00
 6/8/21,SL,2009,TOYOTA,COROLLA,64,"9,995.00","10,366.10",500.00,215.00,"3,500.00","1,017.01","5,477.99"
 6/3/21,WH,2018,MITSUBISHI,OUTLANDER,70,"8,550.00","8,550.00",0.00,"8,550.00","10,500.00",0.00,"-1,950.00"